instance_id,config_id,num_tasks,num_qcs,num_bays,seed,milp_status,milp_objective,milp_best_bound,milp_gap,milp_runtime,milp_node_count,milp_sol_count,heuristic_objective,heuristic_runtime,heuristic_iterations,heuristic_feasible,is_optimal_match,gap_to_optimal_percent
0,T4_K2,4,2,4,42,OPTIMAL,25267.3760,25267.3760,0.0000,0.0753,95.0,6,25328.5937,0.5183,5001,True,False,0.2423
1,T4_K2,4,2,4,43,OPTIMAL,31602.1795,31602.1795,0.0000,0.0800,160.0,5,31602.1795,0.3856,5002,True,True,0.0000
2,T4_K2,4,2,4,44,OPTIMAL,11626.2658,11626.2658,0.0000,0.0409,27.0,2,11626.2658,0.5170,5001,True,True,0.0000
3,T4_K2,4,2,4,45,OPTIMAL,10228.8263,10228.8263,0.0000,0.0587,34.0,4,10228.8263,0.5402,5000,True,True,0.0000
4,T4_K2,4,2,4,46,OPTIMAL,19429.8234,19429.8234,0.0000,0.0635,126.0,4,20072.1144,0.3409,5009,True,False,3.3057
5,T4_K2,4,2,4,47,OPTIMAL,21101.3790,21101.3790,0.0000,0.0769,116.0,3,31478.1134,0.3421,5001,True,False,49.1756
6,T4_K2,4,2,4,48,OPTIMAL,27908.8704,27908.8704,0.0000,0.0554,136.0,2,27908.8704,0.4098,5001,True,True,0.0000
7,T4_K2,4,2,4,49,OPTIMAL,16153.5276,16153.5276,0.0000,0.0496,91.0,5,16249.3971,0.2978,5001,True,False,0.5935
8,T4_K2,4,2,4,50,OPTIMAL,27674.8021,27674.8021,0.0000,0.0579,111.0,3,27674.8021,0.3936,5008,True,True,0.0000
9,T4_K2,4,2,4,51,OPTIMAL,37153.9533,37153.9533,0.0000,0.0881,172.0,5,37153.9533,0.3089,5001,True,True,0.0000
10,T4_K2,4,2,4,52,OPTIMAL,23476.6048,23476.6048,0.0000,0.0646,118.0,9,23476.6048,0.4057,5001,True,True,0.0000
11,T4_K2,4,2,4,53,OPTIMAL,30917.9728,30917.9728,0.0000,0.0610,104.0,4,30917.9728,0.3808,5000,True,True,0.0000
12,T4_K2,4,2,4,54,OPTIMAL,22529.6015,22529.6015,0.0000,0.0611,104.0,3,22529.6015,0.3463,5002,True,True,0.0000
13,T4_K2,4,2,4,55,OPTIMAL,24075.5266,24075.5266,0.0000,0.0658,100.0,5,24075.5266,0.4089,5008,True,True,0.0000
14,T4_K2,4,2,4,56,OPTIMAL,27332.6612,27332.6612,0.0000,0.0482,49.0,2,27332.6612,0.4745,5000,True,True,0.0000
15,T4_K2,4,2,4,57,OPTIMAL,25269.8007,25269.8007,0.0000,0.0573,110.0,4,29545.7519,0.3254,5002,True,False,16.9212
16,T4_K2,4,2,4,58,OPTIMAL,22505.3599,22505.3599,0.0000,0.0644,108.0,4,22505.3599,0.5023,5001,True,True,0.0000
17,T4_K2,4,2,4,59,OPTIMAL,19023.3113,19023.3113,0.0000,0.0698,101.0,3,19023.3113,0.3884,5001,True,True,0.0000
18,T4_K2,4,2,4,60,OPTIMAL,32005.3590,32005.3590,0.0000,0.0499,62.0,4,32005.3590,0.5605,5001,True,True,0.0000
19,T4_K2,4,2,4,61,OPTIMAL,24067.0623,24067.0623,0.0000,0.0736,137.0,8,24067.0623,0.3867,5001,True,True,0.0000
20,T4_K3,4,3,4,62,OPTIMAL,37731.0517,37731.0517,0.0000,0.0733,126.0,4,37641.0230,0.7924,5001,True,False,0.2386
21,T4_K3,4,3,4,63,OPTIMAL,17475.8587,17475.8587,0.0000,0.0688,69.0,4,17475.8587,0.6720,5000,True,True,0.0000
22,T4_K3,4,3,4,64,OPTIMAL,23008.3416,23008.3416,0.0000,0.0671,75.0,6,22977.2430,0.4823,5003,True,False,0.1352
23,T4_K3,4,3,4,65,OPTIMAL,25510.4013,25510.4013,0.0000,0.0729,119.0,4,25510.4013,0.5313,5002,True,True,0.0000
24,T4_K3,4,3,4,66,OPTIMAL,28165.0022,28165.0022,0.0000,0.0657,76.0,9,28114.6747,0.5087,5001,True,False,0.1787
25,T4_K3,4,3,4,67,OPTIMAL,22871.4795,22869.4795,0.0001,0.0397,1.0,3,22871.4795,0.5649,5002,True,True,0.0000
26,T4_K3,4,3,4,68,OPTIMAL,30719.9870,30719.9870,0.0000,0.0833,122.0,7,30690.5418,0.5500,5002,True,False,0.0959
27,T4_K3,4,3,4,69,OPTIMAL,14978.6593,14978.6593,0.0000,0.0843,58.0,5,14966.1047,0.5628,5002,True,False,0.0838
28,T4_K3,4,3,4,70,OPTIMAL,33470.4189,33470.4189,0.0000,0.0698,109.0,6,33356.7398,0.5695,5001,True,False,0.3396
29,T4_K3,4,3,4,71,OPTIMAL,29650.2970,29650.2970,0.0000,0.0809,133.0,4,29600.4042,0.7156,5004,True,False,0.1683
30,T4_K3,4,3,4,72,OPTIMAL,32305.6245,32305.6245,0.0000,0.0717,118.0,4,32246.2976,0.6169,5001,True,False,0.1836
31,T4_K3,4,3,4,73,OPTIMAL,13150.5852,13150.5852,0.0000,0.0698,66.0,6,13169.1219,0.5178,5002,True,False,0.1410
32,T4_K3,4,3,4,74,OPTIMAL,18453.8318,18453.8318,0.0000,0.0607,49.0,5,18434.8304,0.6032,5002,True,False,0.1030
33,T4_K3,4,3,4,75,OPTIMAL,18923.0978,18923.0978,0.0000,0.0606,78.0,4,18922.8292,0.4360,5117,True,False,0.0014
34,T4_K3,4,3,4,76,OPTIMAL,14143.4186,14143.4186,0.0000,0.0826,98.0,4,14090.5699,0.5424,5006,True,False,0.3737
35,T4_K3,4,3,4,77,OPTIMAL,10110.4864,10110.4864,0.0000,0.0745,61.0,7,10079.2462,0.5484,5007,True,False,0.3090
36,T4_K3,4,3,4,78,OPTIMAL,28061.1776,28061.1776,0.0000,0.0944,130.0,3,28043.1816,0.5595,5002,True,False,0.0641
37,T4_K3,4,3,4,79,OPTIMAL,13689.7243,13689.7243,0.0000,0.0628,41.0,3,13658.2856,0.6522,5004,True,False,0.2297
38,T4_K3,4,3,4,80,OPTIMAL,31568.3993,31568.3993,0.0000,0.0643,47.0,5,31568.3993,0.7473,5002,True,True,0.0000
39,T4_K3,4,3,4,81,OPTIMAL,18801.2793,18801.2793,0.0000,0.0506,4.0,3,18801.2793,0.5564,5001,True,True,0.0000
40,T5_K2,5,2,5,82,OPTIMAL,23584.0955,23584.0955,0.0000,0.2363,770.0,8,23584.0955,0.6755,5036,True,True,0.0000
41,T5_K2,5,2,5,83,OPTIMAL,17560.1628,17560.1628,0.0000,0.1847,569.0,2,17626.5997,0.5263,5004,True,False,0.3783
42,T5_K2,5,2,5,84,OPTIMAL,41634.0213,41634.0213,0.0000,0.1983,735.0,3,41634.0213,0.6445,5001,True,True,0.0000
43,T5_K2,5,2,5,85,OPTIMAL,25693.3327,25693.3327,0.0000,0.2173,794.0,8,25693.3327,0.6660,5013,True,True,0.0000
44,T5_K2,5,2,5,86,OPTIMAL,31346.4457,31346.4457,0.0000,0.1409,367.0,8,31346.4457,0.7871,5001,True,True,0.0000
45,T5_K2,5,2,5,87,OPTIMAL,41972.7629,41972.7629,0.0000,0.1421,474.0,4,41972.7629,0.8344,5001,True,True,0.0000
46,T5_K2,5,2,5,88,OPTIMAL,37477.1572,37477.1572,0.0000,0.1394,461.0,3,37525.7128,0.7858,5002,True,False,0.1296
47,T5_K2,5,2,5,89,OPTIMAL,20019.6701,20019.6701,0.0000,0.1761,509.0,7,20132.0232,0.6366,5026,True,False,0.5612
48,T5_K2,5,2,5,90,OPTIMAL,34598.9858,34598.9858,0.0000,0.1900,627.0,4,34598.9858,0.6757,5001,True,True,0.0000
49,T5_K2,5,2,5,91,OPTIMAL,27787.7130,27787.7130,0.0000,0.2411,851.0,4,29124.0165,0.6410,5001,True,False,4.8090
50,T5_K2,5,2,5,92,OPTIMAL,25212.1184,25212.1184,0.0000,0.1282,336.0,2,25212.1184,0.8706,5001,True,True,0.0000
51,T5_K2,5,2,5,93,OPTIMAL,34641.7066,34641.7066,0.0000,0.2779,1060.0,3,34641.7066,0.6714,5008,True,True,0.0000
52,T5_K2,5,2,5,94,OPTIMAL,34564.1964,34560.7410,0.0001,0.1643,494.0,4,34564.1964,0.8549,5001,True,True,0.0000
53,T5_K2,5,2,5,95,OPTIMAL,28754.7364,28754.7364,0.0000,0.1783,547.0,3,31515.8948,0.5652,5000,True,False,9.6024
54,T5_K2,5,2,5,96,OPTIMAL,27974.7093,27974.7093,0.0000,0.1283,366.0,5,27974.7093,0.7543,5004,True,True,0.0000
55,T5_K2,5,2,5,97,OPTIMAL,35235.4330,35235.4330,0.0000,0.2446,773.0,7,35235.4330,0.6665,5000,True,True,0.0000
56,T5_K2,5,2,5,98,OPTIMAL,26005.5964,26005.5964,0.0000,0.1173,220.0,5,26005.5964,0.7321,5000,True,True,0.0000
57,T5_K2,5,2,5,99,OPTIMAL,15327.1534,15327.1534,0.0000,0.2069,692.0,10,15327.1534,0.6770,5002,True,True,0.0000
58,T5_K2,5,2,5,100,OPTIMAL,36446.5255,36446.5255,0.0000,0.1658,526.0,8,36446.5255,0.8997,5003,True,True,0.0000
59,T5_K2,5,2,5,101,OPTIMAL,33181.7637,33181.7637,0.0000,0.1940,702.0,4,33957.1426,0.5598,5003,True,False,2.3368
60,T5_K3,5,3,5,102,OPTIMAL,24031.1413,24031.1413,0.0000,0.2479,701.0,7,24031.1413,0.9923,5723,True,True,0.0000
61,T5_K3,5,3,5,103,OPTIMAL,41987.2752,41987.2752,0.0000,0.2223,568.0,5,41830.9046,1.0809,5002,True,False,0.3724
62,T5_K3,5,3,5,104,OPTIMAL,36786.5242,36786.5242,0.0000,0.1685,434.0,9,37001.6802,0.9277,5055,True,False,0.5849
63,T5_K3,5,3,5,105,OPTIMAL,33146.8604,33146.8604,0.0000,0.1937,446.0,6,33146.8604,1.1671,5001,True,True,0.0000
64,T5_K3,5,3,5,106,OPTIMAL,32544.4118,32544.4118,0.0000,0.2940,791.0,10,32544.4118,0.9450,5007,True,True,0.0000
65,T5_K3,5,3,5,107,OPTIMAL,35965.4745,35965.4745,0.0000,0.2369,634.0,6,36012.7449,0.9237,5001,True,False,0.1314
66,T5_K3,5,3,5,108,OPTIMAL,35118.4127,35118.4127,0.0000,0.2490,625.0,6,35105.1339,1.0848,5024,True,False,0.0378
67,T5_K3,5,3,5,109,OPTIMAL,44462.9520,44461.6429,0.0000,0.2115,459.0,6,44440.3508,1.1117,5002,True,False,0.0508
68,T5_K3,5,3,5,110,OPTIMAL,32308.1252,32308.1252,0.0000,0.2713,822.0,8,32435.5599,1.3800,6408,True,False,0.3944
69,T5_K3,5,3,5,111,OPTIMAL,37912.7260,37912.7260,0.0000,0.2199,597.0,4,37836.0647,1.0702,5002,True,False,0.2022
70,T5_K3,5,3,5,112,OPTIMAL,28236.8753,28236.8753,0.0000,0.2359,607.0,5,28296.3716,0.9454,5001,True,False,0.2107
71,T5_K3,5,3,5,113,OPTIMAL,22928.4474,22928.4474,0.0000,0.2357,639.0,9,22928.4474,0.9405,5002,True,True,0.0000
72,T5_K3,5,3,5,114,OPTIMAL,34413.9341,34413.9341,0.0000,0.2414,655.0,6,34413.9341,1.1655,5000,True,True,0.0000
73,T5_K3,5,3,5,115,OPTIMAL,26696.3149,26696.3149,0.0000,0.1401,172.0,3,26696.3149,0.9081,5002,True,True,0.0000
74,T5_K3,5,3,5,116,OPTIMAL,28053.7447,28053.7447,0.0000,0.2691,605.0,6,28054.7447,0.9986,5001,True,False,0.0036
75,T5_K3,5,3,5,117,OPTIMAL,31141.7082,31141.7082,0.0000,0.2268,678.0,7,31108.8353,0.9984,5185,True,False,0.1056
76,T5_K3,5,3,5,118,OPTIMAL,17890.7224,17890.7224,0.0000,0.2107,417.0,5,17890.7224,0.8714,5001,True,True,0.0000
77,T5_K3,5,3,5,119,OPTIMAL,37840.1644,37840.1644,0.0000,0.2023,560.0,5,37823.1287,1.0441,5001,True,False,0.0450
78,T5_K3,5,3,5,120,OPTIMAL,18059.7271,18059.7271,0.0000,0.2623,772.0,8,18122.4253,0.9377,5006,True,False,0.3472
79,T5_K3,5,3,5,121,OPTIMAL,17208.9525,17208.9525,0.0000,0.2246,590.0,8,17208.9525,0.9480,5001,True,True,0.0000
80,T6_K2,6,2,6,122,OPTIMAL,34695.7342,34695.7342,0.0000,1.4791,3426.0,10,38089.3743,1.0213,5003,True,False,9.7811
81,T6_K2,6,2,6,123,OPTIMAL,21402.4206,21402.4206,0.0000,0.8244,3300.0,7,22398.9427,1.2372,5001,True,False,4.6561
82,T6_K2,6,2,6,124,OPTIMAL,43060.9005,43060.9005,0.0000,0.5072,1568.0,10,43060.9005,1.5419,5002,True,True,0.0000
83,T6_K2,6,2,6,125,OPTIMAL,28785.3491,28785.3491,0.0000,0.7923,2486.0,5,28785.3491,1.2702,5004,True,True,0.0000
84,T6_K2,6,2,6,126,OPTIMAL,23731.6388,23731.6388,0.0000,0.3653,1147.0,4,23731.6388,1.7080,5001,True,True,0.0000
85,T6_K2,6,2,6,127,OPTIMAL,34411.3269,34411.3269,0.0000,1.2201,2946.0,10,35122.4575,1.0885,5000,True,False,2.0666
86,T6_K2,6,2,6,128,OPTIMAL,37198.1881,37198.1881,0.0000,0.3631,1300.0,10,37198.1881,1.4732,5002,True,True,0.0000
87,T6_K2,6,2,6,129,OPTIMAL,36576.8728,36576.8728,0.0000,0.3323,954.0,5,40792.8563,1.5489,5001,True,False,11.5264
88,T6_K2,6,2,6,130,OPTIMAL,31523.8038,31523.8038,0.0000,1.2465,2780.0,3,31523.8038,1.0257,5000,True,True,0.0000
89,T6_K2,6,2,6,131,OPTIMAL,21305.2948,21305.2948,0.0000,0.7334,2702.0,4,21305.2948,0.9893,5002,True,True,0.0000
90,T6_K2,6,2,6,132,OPTIMAL,19016.3799,19016.3799,0.0000,0.8206,3217.0,6,19101.9718,0.7581,5006,True,False,0.4501
91,T6_K2,6,2,6,133,OPTIMAL,40455.6440,40455.6440,0.0000,1.4843,3192.0,6,44465.0283,0.9632,5001,True,False,9.9106
92,T6_K2,6,2,6,134,OPTIMAL,25336.1952,25336.1952,0.0000,1.0428,4320.0,9,31707.5497,0.6935,5002,True,False,25.1472
93,T6_K2,6,2,6,135,OPTIMAL,17866.3569,17866.3569,0.0000,0.3167,1014.0,2,17866.3569,1.0756,5001,True,True,0.0000
94,T6_K2,6,2,6,136,OPTIMAL,32362.7690,32362.7690,0.0000,0.4582,1643.0,6,32362.7690,1.6282,5002,True,True,0.0000
95,T6_K2,6,2,6,137,OPTIMAL,40247.7890,40247.7890,0.0000,1.4691,3622.0,10,40257.7726,1.1349,5000,True,False,0.0248
96,T6_K2,6,2,6,138,OPTIMAL,29262.9152,29262.9152,0.0000,1.0899,2242.0,9,34895.2116,1.0754,5002,True,False,19.2472
97,T6_K2,6,2,6,139,OPTIMAL,30431.8563,30431.8563,0.0000,1.0559,4222.0,6,30862.1563,0.9162,5003,True,False,1.4140
98,T6_K2,6,2,6,140,OPTIMAL,31568.1933,31568.1933,0.0000,0.5060,1652.0,8,41615.7003,1.4051,5510,True,False,31.8279
99,T6_K2,6,2,6,141,OPTIMAL,35746.2687,35746.2687,0.0000,1.6889,3551.0,7,35746.2687,1.1813,5000,True,True,0.0000
100,T6_K3,6,3,6,142,OPTIMAL,22158.5244,22156.5244,0.0001,1.6094,2812.0,6,22211.0631,1.3659,5004,True,False,0.2371
101,T6_K3,6,3,6,143,OPTIMAL,31315.2662,31315.2662,0.0000,1.1179,3780.0,7,31408.2620,1.6405,5001,True,False,0.2970
102,T6_K3,6,3,6,144,OPTIMAL,26105.1681,26105.1681,0.0000,1.0805,3065.0,5,26091.9233,1.4227,5003,True,False,0.0507
103,T6_K3,6,3,6,145,OPTIMAL,29859.0844,29859.0844,0.0000,0.4039,1158.0,7,29859.0844,1.9205,5058,True,True,0.0000
104,T6_K3,6,3,6,146,OPTIMAL,35644.8651,35644.8651,0.0000,1.6986,2440.0,8,38508.0644,1.1066,5003,True,False,8.0326
105,T6_K3,6,3,6,147,OPTIMAL,33610.9097,33610.1711,0.0000,1.1422,3595.0,9,33595.9674,1.6140,5031,True,False,0.0445
106,T6_K3,6,3,6,148,OPTIMAL,29657.6740,29657.6740,0.0000,1.3022,1678.0,9,36498.1908,1.4295,5230,True,False,23.0649
107,T6_K3,6,3,6,149,OPTIMAL,25606.2616,25606.2616,0.0000,1.0374,3230.0,10,25574.7068,2.0783,5001,True,False,0.1232
108,T6_K3,6,3,6,150,OPTIMAL,21036.1414,21036.1414,0.0000,1.9190,2926.0,8,21036.1414,1.4937,5002,True,True,0.0000
109,T6_K3,6,3,6,151,OPTIMAL,27734.6141,27734.6141,0.0000,2.5879,3785.0,9,27734.6141,1.4706,5002,True,True,0.0000
110,T6_K3,6,3,6,152,OPTIMAL,25214.4237,25214.4237,0.0000,0.5715,1443.0,8,25214.4237,1.5717,5003,True,True,0.0000
111,T6_K3,6,3,6,153,OPTIMAL,32348.2874,32348.2874,0.0000,1.3827,2179.0,7,33785.5961,1.4102,5003,True,False,4.4432
112,T6_K3,6,3,6,154,OPTIMAL,32495.7647,32495.7647,0.0000,1.6684,2260.0,10,32495.7647,1.4333,5001,True,True,0.0000
113,T6_K3,6,3,6,155,OPTIMAL,33534.5544,33534.5544,0.0000,1.6213,2340.0,10,40786.2174,1.4800,5002,True,False,21.6245
114,T6_K3,6,3,6,156,OPTIMAL,20254.8896,20254.8896,0.0000,1.0083,2706.0,6,20254.8896,1.6523,5006,True,True,0.0000
115,T6_K3,6,3,6,157,OPTIMAL,22174.6014,22174.6014,0.0000,0.8518,2356.0,5,22174.6014,1.6777,5002,True,True,0.0000
116,T6_K3,6,3,6,158,OPTIMAL,31960.1753,31960.1753,0.0000,1.6539,2824.0,10,31960.1753,1.5419,5003,True,True,0.0000
117,T6_K3,6,3,6,159,OPTIMAL,25497.1373,25497.1373,0.0000,1.6208,2593.0,7,25497.1373,1.1537,5023,True,True,0.0000
118,T6_K3,6,3,6,160,OPTIMAL,23199.4082,23199.4082,0.0000,1.9775,2803.0,10,23257.0605,1.3989,5001,True,False,0.2485
119,T6_K3,6,3,6,161,OPTIMAL,28563.6109,28563.6109,0.0000,1.4864,2664.0,10,28563.6109,1.6713,5001,True,True,0.0000
120,T7_K2,7,2,7,162,OPTIMAL,32958.0404,32958.0404,0.0000,11.2388,6962.0,10,32958.0404,1.6359,5002,True,True,0.0000
121,T7_K2,7,2,7,163,OPTIMAL,26068.7811,26068.7811,0.0000,1.7602,2615.0,3,26232.5696,2.0814,5032,True,False,0.6283
122,T7_K2,7,2,7,164,OPTIMAL,32121.2849,32121.2849,0.0000,4.2072,6055.0,6,34432.3779,1.4980,5004,True,False,7.1949
123,T7_K2,7,2,7,165,OPTIMAL,35759.2215,35759.2215,0.0000,9.2182,6549.0,9,42084.2770,1.9393,5037,True,False,17.6879
124,T7_K2,7,2,7,166,OPTIMAL,46634.3189,46634.3189,0.0000,4.2086,5973.0,7,46634.3189,1.9781,5002,True,True,0.0000
125,T7_K2,7,2,7,167,OPTIMAL,38563.8338,38563.8338,0.0000,3.2061,4515.0,10,38563.8338,2.5522,6580,True,True,0.0000
126,T7_K2,7,2,7,168,OPTIMAL,42355.7594,42355.7594,0.0000,3.3663,4388.0,10,42416.5128,2.0400,5000,True,False,0.1434
127,T7_K2,7,2,7,169,OPTIMAL,30310.8715,30310.8715,0.0000,2.2841,3209.0,10,30310.8715,2.2840,5003,True,True,0.0000
128,T7_K2,7,2,7,170,OPTIMAL,18007.2716,18007.2716,0.0000,2.8186,4200.0,6,18007.2716,1.4564,5002,True,True,0.0000
129,T7_K2,7,2,7,171,OPTIMAL,42020.5730,42020.5730,0.0000,12.9509,8713.0,6,46404.9434,1.6501,5000,True,False,10.4339
130,T7_K2,7,2,7,172,OPTIMAL,40017.2209,40017.2209,0.0000,2.8072,3871.0,10,43629.0344,1.9342,5033,True,False,9.0256
131,T7_K2,7,2,7,173,OPTIMAL,42428.2046,42428.2046,0.0000,1.8985,2592.0,4,43019.5428,2.3017,5002,True,False,1.3937
132,T7_K2,7,2,7,174,OPTIMAL,27423.3155,27423.3155,0.0000,5.3887,7248.0,5,27423.3155,1.4143,5002,True,True,0.0000
133,T7_K2,7,2,7,175,OPTIMAL,41433.5172,41433.5172,0.0000,3.6719,5336.0,10,41433.5172,1.8546,5002,True,True,0.0000
134,T7_K2,7,2,7,176,OPTIMAL,28732.0845,28732.0845,0.0000,4.4086,5268.0,9,29001.0827,1.4620,5002,True,False,0.9362
135,T7_K2,7,2,7,177,OPTIMAL,38821.9187,38821.9187,0.0000,1.3261,1925.0,2,38821.9187,2.2994,5000,True,True,0.0000
136,T7_K2,7,2,7,178,OPTIMAL,44067.4219,44067.4219,0.0000,5.5867,7218.0,6,44067.4219,1.6238,5002,True,True,0.0000
137,T7_K2,7,2,7,179,OPTIMAL,32381.0303,32381.0303,0.0000,2.5191,3443.0,3,32381.0303,1.7739,5003,True,True,0.0000
138,T7_K2,7,2,7,180,OPTIMAL,28099.9907,28099.9907,0.0000,3.3114,5892.0,10,28481.8292,1.6427,5008,True,False,1.3589
139,T7_K2,7,2,7,181,OPTIMAL,34135.0396,34135.0396,0.0000,5.8812,8002.0,10,34184.9636,1.5584,5006,True,False,0.1463
140,T7_K3,7,3,7,182,OPTIMAL,36477.0991,36473.6667,0.0001,3.4350,3425.0,10,36460.4707,3.1421,5006,True,False,0.0456
141,T7_K3,7,3,7,183,OPTIMAL,18978.2892,18978.2892,0.0000,6.2959,5553.0,10,19165.0449,1.9879,5001,True,False,0.9840
142,T7_K3,7,3,7,184,OPTIMAL,40814.7779,40814.7779,0.0000,5.6449,5117.0,10,40814.7779,2.5624,5003,True,True,0.0000
143,T7_K3,7,3,7,185,OPTIMAL,28451.2116,28451.2116,0.0000,3.8320,3954.0,9,28451.2116,2.6191,5000,True,True,0.0000
144,T7_K3,7,3,7,186,OPTIMAL,30880.6549,30880.0905,0.0000,8.8202,7670.0,10,41035.0911,1.7597,5002,True,False,32.8828
145,T7_K3,7,3,7,187,OPTIMAL,40355.2024,40355.2024,0.0000,12.6910,7938.0,10,40410.5629,2.0578,5008,True,False,0.1372
146,T7_K3,7,3,7,188,OPTIMAL,22040.3424,22040.3424,0.0000,10.3463,7889.0,10,22040.3424,1.9808,5009,True,True,0.0000
147,T7_K3,7,3,7,189,OPTIMAL,31649.2825,31649.2825,0.0000,6.9998,6036.0,10,31654.5675,2.4097,5001,True,False,0.0167
148,T7_K3,7,3,7,190,OPTIMAL,34114.1425,34114.1425,0.0000,12.1385,9867.0,10,34097.2954,2.2424,5004,True,False,0.0494
149,T7_K3,7,3,7,191,OPTIMAL,30481.9622,30481.9622,0.0000,12.1359,9981.0,10,30667.0543,2.0900,5001,True,False,0.6072
150,T7_K3,7,3,7,192,OPTIMAL,27095.0000,27095.0000,0.0000,8.1095,7405.0,10,27095.0000,2.5554,5004,True,True,0.0000
151,T7_K3,7,3,7,193,OPTIMAL,42643.7357,42643.4680,0.0000,11.4944,9965.0,10,42643.7357,2.5857,5022,True,True,0.0000
152,T7_K3,7,3,7,194,OPTIMAL,41125.2762,41125.2762,0.0000,8.0871,7395.0,4,41091.2923,2.3478,5003,True,False,0.0826
153,T7_K3,7,3,7,195,OPTIMAL,31206.0937,31205.8784,0.0000,6.3344,6004.0,8,31323.4132,2.7246,5001,True,False,0.3760
154,T7_K3,7,3,7,196,OPTIMAL,34318.7136,34318.7136,0.0000,9.5049,9584.0,9,42062.0895,1.7102,5058,True,False,22.5631
155,T7_K3,7,3,7,197,OPTIMAL,39713.6314,39713.6314,0.0000,3.2497,3307.0,10,39710.6314,3.0099,5157,True,False,0.0076
156,T7_K3,7,3,7,198,OPTIMAL,32396.5934,32396.5934,0.0000,13.0567,10621.0,6,32396.5934,2.0885,5004,True,True,0.0000
157,T7_K3,7,3,7,199,OPTIMAL,31763.4429,31763.4429,0.0000,5.9876,5393.0,8,32114.2785,2.3828,5002,True,False,1.1045
158,T7_K3,7,3,7,200,OPTIMAL,36400.3136,36400.3136,0.0000,4.7961,4194.0,10,36536.0158,2.7715,5009,True,False,0.3728
159,T7_K3,7,3,7,201,OPTIMAL,23604.2778,23604.2778,0.0000,6.4209,5438.0,4,23604.2778,2.1152,5001,True,True,0.0000
160,T8_K2,8,2,8,202,OPTIMAL,41502.1186,41502.1186,0.0000,30.4661,39092.0,4,41502.1186,2.7042,5001,True,True,0.0000
161,T8_K2,8,2,8,203,OPTIMAL,33721.7188,33721.7188,0.0000,95.1303,141388.0,10,34470.5689,2.0713,5008,True,False,2.2207
162,T8_K2,8,2,8,204,OPTIMAL,43856.5859,43856.5859,0.0000,21.0213,24696.0,6,46499.2623,2.9444,5003,True,False,6.0257
163,T8_K2,8,2,8,205,OPTIMAL,41137.4700,41137.4700,0.0000,96.6648,94164.0,10,41311.3411,2.0742,5002,True,False,0.4227
164,T8_K2,8,2,8,206,OPTIMAL,37911.2030,37911.2030,0.0000,53.2670,77672.0,10,41310.2256,3.1498,8507,True,False,8.9657
165,T8_K2,8,2,8,207,OPTIMAL,36220.2073,36220.2073,0.0000,39.6332,28261.0,10,36318.1120,2.7802,5001,True,False,0.2703
166,T8_K2,8,2,8,208,OPTIMAL,36190.8065,36190.8065,0.0000,10.7755,9853.0,10,37493.7677,3.1813,5003,True,False,3.6003
167,T8_K2,8,2,8,209,OPTIMAL,22548.9758,22548.9758,0.0000,28.7714,24886.0,10,24224.5403,2.9075,5002,True,False,7.4308
168,T8_K2,8,2,8,210,OPTIMAL,33425.0583,33425.0583,0.0000,40.0536,50028.0,10,33493.4403,2.7246,5004,True,False,0.2046
169,T8_K2,8,2,8,211,OPTIMAL,43305.5557,43305.5557,0.0000,25.8218,31184.0,10,45721.0192,2.5621,5002,True,False,5.5777
170,T8_K2,8,2,8,212,OPTIMAL,42905.2459,42905.2459,0.0000,6.2887,5633.0,10,44400.5153,2.8875,5001,True,False,3.4851
171,T8_K2,8,2,8,213,OPTIMAL,34193.0570,34189.6790,0.0001,39.7437,45490.0,10,34193.0570,2.5393,5002,True,True,0.0000
172,T8_K2,8,2,8,214,OPTIMAL,46418.5854,46418.5361,0.0000,56.3616,59709.0,9,48731.9132,2.5583,5002,True,False,4.9836
173,T8_K2,8,2,8,215,OPTIMAL,34699.7870,34699.7870,0.0000,116.6978,96422.0,4,34699.7870,2.1923,5003,True,True,0.0000
174,T8_K2,8,2,8,216,OPTIMAL,34298.5301,34298.5301,0.0000,18.8029,9544.0,8,34298.5301,2.8968,5029,True,True,0.0000
175,T8_K2,8,2,8,217,OPTIMAL,39705.3342,39705.3342,0.0000,6.9368,6482.0,9,39913.2915,3.8596,5001,True,False,0.5238
176,T8_K2,8,2,8,218,OPTIMAL,31638.8842,31638.8842,0.0000,32.9782,47695.0,10,31638.8842,2.6964,5002,True,True,0.0000
177,T8_K2,8,2,8,219,OPTIMAL,44251.9385,44251.9385,0.0000,24.2161,20943.0,10,44251.9385,3.1216,5004,True,True,0.0000
178,T8_K2,8,2,8,220,OPTIMAL,40394.4398,40394.4398,0.0000,79.1449,70933.0,7,41000.0912,2.9391,5020,True,False,1.4993
179,T8_K2,8,2,8,221,OPTIMAL,37129.7160,37129.7160,0.0000,66.0416,55280.0,9,37130.4986,2.3569,5002,True,False,0.0021
180,T8_K3,8,3,8,222,OPTIMAL,14727.0423,14727.0423,0.0000,38.3412,43471.0,10,15444.5022,3.8101,5444,True,False,4.8717
181,T8_K3,8,3,8,223,OPTIMAL,31496.7397,31496.7397,0.0000,149.0089,69064.0,10,45535.5204,2.9556,5003,True,False,44.5722
182,T8_K3,8,3,8,224,OPTIMAL,22363.2533,22363.2533,0.0000,75.9771,96521.0,10,22363.2533,3.4000,5002,True,True,0.0000
183,T8_K3,8,3,8,225,OPTIMAL,31572.9999,31572.9999,0.0000,40.9421,60154.0,8,31607.3277,4.3378,5005,True,False,0.1087
184,T8_K3,8,3,8,226,OPTIMAL,40343.2282,40340.4378,0.0001,93.3242,120396.0,8,42530.5348,2.8951,5004,True,False,5.4217
185,T8_K3,8,3,8,227,OPTIMAL,19856.2425,19856.2425,0.0000,138.6580,183525.0,10,19856.2425,2.4603,5029,True,True,0.0000
186,T8_K3,8,3,8,228,OPTIMAL,42331.6629,42328.9173,0.0001,226.7313,321285.0,10,44258.8354,2.9960,5004,True,False,4.5526
187,T8_K3,8,3,8,229,OPTIMAL,31673.0804,31673.0804,0.0000,142.8690,184924.0,10,31673.0804,3.2052,5001,True,True,0.0000
188,T8_K3,8,3,8,230,OPTIMAL,31880.5246,31879.5636,0.0000,68.8663,85804.0,10,31880.5246,3.4144,5002,True,True,0.0000
189,T8_K3,8,3,8,231,OPTIMAL,36047.5388,36047.5388,0.0000,58.3281,61765.0,10,36047.5388,4.2500,5515,True,True,0.0000
190,T8_K3,8,3,8,232,OPTIMAL,28808.3295,28808.3295,0.0000,92.1960,105603.0,10,28808.3295,3.0958,5003,True,True,0.0000
191,T8_K3,8,3,8,233,OPTIMAL,34501.4368,34501.4368,0.0000,52.3986,61533.0,10,34551.8382,3.9059,5015,True,False,0.1461
192,T8_K3,8,3,8,234,OPTIMAL,34538.1799,34538.1799,0.0000,88.3763,105110.0,10,36910.1720,3.4925,5004,True,False,6.8677
193,T8_K3,8,3,8,235,OPTIMAL,21810.8374,21810.8374,0.0000,87.1820,102059.0,10,21910.8645,2.8941,5001,True,False,0.4586
194,T8_K3,8,3,8,236,OPTIMAL,27995.0739,27995.0739,0.0000,42.2195,33299.0,10,36427.8663,4.2897,5002,True,False,30.1224
195,T8_K3,8,3,8,237,OPTIMAL,34084.3350,34084.3350,0.0000,107.6049,128511.0,8,40386.0901,3.4292,5004,True,False,18.4887
196,T8_K3,8,3,8,238,OPTIMAL,24962.5592,24961.1139,0.0001,52.5770,63507.0,10,24962.5592,3.4717,5003,True,True,0.0000
197,T8_K3,8,3,8,239,OPTIMAL,21556.4059,21556.4059,0.0000,75.8224,73848.0,10,23003.0460,3.7128,5008,True,False,6.7110
198,T8_K3,8,3,8,240,OPTIMAL,22495.7388,22495.7388,0.0000,117.5063,56146.0,10,22495.7388,3.3222,5002,True,True,0.0000
199,T8_K3,8,3,8,241,OPTIMAL,35058.1090,35058.1090,0.0000,42.2576,46301.0,10,35058.1090,5.3787,5003,True,True,0.0000
